epoch,step,train_loss
0,49,2.3083317279815674
0,99,2.2998178005218506
0,149,2.2936387062072754
0,199,2.307894706726074
