epoch,step,train_loss
1,49,2.0164294242858887
3,99,1.491642713546753
4,149,1.026576280593872
6,199,0.6005513072013855
8,249,0.2853589653968811
9,299,0.21347007155418396
